"V1","V2","V3","V4","V5"
1.14117045729094,1.05166684404094,1.030592958542,0.942456225350794,0.859070047124248
1.15514652873387,1.10104366507656,1.02092494283396,0.880024549991635,0.848514586688737
1.2172731260704,1.03392212520823,1.01313125174712,0.938386628119198,0.890892956370962
1.16605213524456,1.04787702422117,1.02638145049487,0.88472930153155,0.762488138780213
1.13682968995709,1.0863292455629,0.992228617039089,0.943821609173236,0.917415947521718
1.09584341841559,1.08220766703202,1.02481203135303,0.912794439065405,0.8297105271302
1.27896100246421,1.04689178581688,0.998258507659903,0.921039209913148,0.802615285215787
1.20019249856177,1.08357463227198,0.970214772809707,0.920391153452141,0.836155736703491
1.15070371482493,1.1108785866864,0.973748928382878,0.919417242027237,0.870958377169826
1.15290322116857,1.11665566478607,0.962501543425809,0.922100446845736,0.765115573305752
1.14233047088858,1.08647806501172,0.942284992319491,0.874445287433017,0.854987830530861
1.2623251227974,1.15886023064682,1.08981327050136,1.04946420682221,0.811273573821947
1.19155943292331,1.11740305582286,1.01463080226749,0.951194241822259,0.909374340393966
1.15928159334135,1.07921304142546,1.01184925332533,0.932179380614545,0.862261956385916
1.1757524339705,1.05056611867146,1.04302863397161,0.916662638752316,0.825963159371011
1.04494832689233,1.02581315457036,0.976882555960441,0.894450950212314,0.767320915868728
1.20698357336781,1.07510036274605,1.05788869476222,1.01575517085582,0.942581743749915
1.17646802224871,1.15578299408194,1.09666187672441,0.992279459835931,0.829083273881054
1.29507902409955,1.17748253372725,0.941629850423773,0.89717718405309,0.841363259350587
1.19973140572428,0.987299320510404,0.930400188540828,0.882062628433817,0.810221297492903
1.09363594713629,1.03512569943189,0.968923285373124,0.944194980282081,0.870136705502355
1.24633690616909,1.12211261930532,1.05601868332177,0.987032573083103,0.9434430217847
1.19147043073777,1.16501912125763,0.994958851535741,0.862346753615484,0.834873618881722
1.1427575954484,1.07664134133907,1.01880098677704,0.962776194179814,0.831659129282933
1.24453772059577,1.13251400614905,0.991283710657642,0.937465778872661,0.874895527786949
1.20499626268902,1.09258179586781,1.01503837440672,0.96946603165273,0.914187088296515
1.21587114895864,1.08704674191343,0.993171807938175,0.902786175957053,0.819429529893473
1.13855777219029,1.05540410296689,0.990699461380855,0.952425737608894,0.875217139366959
1.15409380034418,1.06949286298374,0.991305489283256,0.898966236917379,0.8750796743993
1.24782927046711,1.12567774377013,1.02247010593738,0.968194978853544,0.866844626399724
1.12585896064351,1.04951167227976,0.963779582401087,0.895744971682541,0.807617207948453
1.16683209125862,1.08648968393636,1.00304236897807,0.909476314826503,0.874882418790941
1.24183341340423,1.11799750931485,0.976663803835542,0.932759880681696,0.854555573714513
1.18200354023626,1.0294431827648,1.01642333914509,0.945936156906938,0.804207560713242
1.13712382534352,1.01859513773612,0.989132641570885,0.938687030436579,0.866684537272659
1.14046033427242,1.05480727501801,0.915521800217006,0.906384746894718,0.78681363961384
1.0670710639354,1.00779038981487,0.937213193578087,0.901075173059962,0.888249294859845
1.18188176299825,1.08814381106288,1.07927550419905,0.980818515793717,0.839801593226327
1.20035470046648,1.13281448360681,1.04936069511043,0.976326812870859,0.852787081152732
1.17495713895873,1.10901167198083,1.02371046474924,0.918416497174257,0.840628825894568
1.22325367915905,1.05487884830855,0.994608952928952,0.95658061525136,0.894128168523703
1.20292662225733,1.06100626811329,1.03677972528729,1.01748424154485,0.896210240081677
1.14474596361662,1.09860732254456,1.04041065048576,0.951628969010373,0.908751815710196
1.10700868606993,1.06254442441675,0.986388344306295,0.915379372535696,0.770455906047762
1.13438215715649,1.09768824354825,1.03466486651307,0.946877354437076,0.850513354155613
1.19710797723619,1.15358451629506,0.953228500344389,0.886951028087257,0.79518518372729
1.10627662676408,1.03576274347855,0.971085306580818,0.865557200936177,0.833530813564831
1.1871010230764,1.02489053291006,1.007121324483,0.956565270511209,0.844432931020325
1.16284933179055,1.09317957756272,0.997890609253693,0.970775016136226,0.899683929488276
1.11709814240285,1.03450359481807,0.975426362823522,0.909261193687047,0.872024846591355
1.08607941708349,1.00108269535765,0.975526873995313,0.916964401761462,0.8597086486671
1.10669261447463,1.05914650810972,1.04054493441861,0.924030900004487,0.872649813619463
1.20451219020614,1.12342949267303,1.00749757428597,0.977694240701875,0.888087564374201
1.28190277777156,1.11645322692141,1.02800968379313,0.970052706586962,0.84807287540404
1.0606358004776,1.03152976622172,1.01474576376115,0.966918793956333,0.908116382109857
1.1285477749192,1.07288597908589,0.973653319584238,0.912282129551287,0.783159849974137
1.10093350141533,1.04868727179464,0.961140890523199,0.902868934204132,0.844990269890052
1.15892325606031,1.03796339770004,0.965938609464231,0.897861058174212,0.769364900968667
1.20059887042501,1.02813228844957,0.966056276029169,0.895736329517448,0.792014728265932
1.16263232911851,1.0555590732795,0.985311516056164,0.926464990837206,0.80487126027376
1.22820059443261,1.04430864740805,0.94082491923523,0.881329379956775,0.807480490440016
1.18698007821306,1.09806158509407,0.976063199165625,0.905568530276088,0.79845563801711
1.18412520607761,1.11451683494882,1.02629000287381,0.930213543227768,0.885914097667931
1.20410875717743,1.03666860113286,0.983031962141258,0.863357498756828,0.813560099131593
1.21648145047095,1.0115696146458,0.936875613679514,0.853603151782052,0.822170087135907
1.13088169014236,1.06497916973136,1.02955268838602,0.937497960186153,0.86007674557473
1.16167265602261,1.08949146910479,1.03326131278293,0.882208912709011,0.837337027985287
1.17621782765433,1.03290364560714,1.0083281188226,0.928912995115503,0.855850118567668
1.17797294164555,1.0445008724031,0.999403351184492,0.972417944201097,0.844537228318515
1.12641011161318,1.09203844377921,0.969179816998137,0.942539426322703,0.884602819311521
1.10360876064095,1.07296985064984,0.992292875558489,0.934230025609003,0.813186954256912
1.19045228191287,1.03136636368745,1.00241020871577,0.907617730853301,0.829191935935318
1.14588335101022,1.06690162303412,1.01231241501814,0.963927683177313,0.846261663019959
1.14836700277651,1.10791807110647,1.00621177215949,0.958420213275805,0.807109697252107
1.1927707680053,1.1124138000421,0.94324283605237,0.896383110316304,0.827764740309192
1.16350082415875,1.09043094356218,1.05018529713759,0.905712781095331,0.789613728229961
1.19505018322237,1.06472072317969,1.0358340851239,0.878757633278704,0.858137255344287
1.24507015703261,1.08344315831283,0.948210629225665,0.854049834294975,0.800071369905533
1.20784974708978,1.01940150577754,1.00949315653914,0.959817541708137,0.93628938407491
1.11616228526705,1.10309267609334,1.00563533590072,0.931785361040537,0.837479503532113
1.20565507581062,1.05093633255412,1.01093080933033,0.915992751449886,0.798123324248191
1.18325931685145,1.03804756089841,0.992518443506182,0.934797655059803,0.824282295107703
1.17160462417821,1.15986330332233,0.981632024133393,0.916716412149415,0.87394060155017
1.14418490684673,1.06292452866316,1.03128307527066,0.955274077774075,0.854770961795898
1.25642733712309,1.14490444999218,1.07818379301186,0.997475586284367,0.918297567489006
1.10764999996713,1.0172940833578,0.953365878399592,0.907669300501611,0.846915704642068
1.23638912656653,1.11898070678367,1.00184845264435,0.963494936913534,0.8710940971363
1.12920544950838,1.06820428636315,1.00172828196357,0.851672611330085,0.736011449716066
1.21699587517686,1.0755136146002,1.00719957870969,0.996296050815182,0.934887841525384
1.10377106078608,1.01333405338248,0.970706465010243,0.935564343530085,0.81913437685538
1.09669577849089,1.04880101898446,0.99694005360542,0.938595719670051,0.889304173121348
1.0864596399862,1.04639957238484,1.0155848869646,0.942504646434496,0.85512820027017
1.20654434978394,1.05510517307064,0.891818454240597,0.862400990620526,0.852181980384602
1.16671335300961,1.1368602035609,1.01631130949492,0.925689566735258,0.818459031358825
1.12253548054249,1.07530147049032,1.02530216943607,0.862156226486813,0.800081354338688
1.17851657431739,1.08737004792457,0.922109915516118,0.886337625987603,0.872419609382159
1.18505531607904,1.15067152327796,1.0732982294275,0.966707649074845,0.860920962499401
1.20244521324031,1.11695428786429,1.00284580009943,0.907071911847893,0.892812577862594
1.14731346087556,1.03930243631991,0.936978614442508,0.859444505571185,0.811767591080303
1.16521172721664,1.00308993669277,0.990023720469136,0.962303589135581,0.899378161197418
1.21906862797813,1.11154746316167,1.02998139160197,0.980134930829757,0.913890464485635
1.22399224535537,1.07519337689574,0.983215246906313,0.908669564290032,0.838150189530364
1.14873954258236,1.07999054527119,1.01464383834258,0.830200169182307,0.759483719069675
1.1239825551117,1.05623700610231,0.993159612422257,0.966869328824242,0.859405142102007
1.20662349555611,1.0433322997083,0.957695615538508,0.908161132304138,0.851805546603119
1.21108499700532,1.17377716308482,1.06950969134446,1.02235484166232,0.889702117303704
1.07531575282189,1.03425166775199,0.987893935221609,0.815963233439317,0.797616796047086
1.07359700949449,0.991818567251663,0.983270591083348,0.853836454426741,0.783700522187473
1.08010641382775,1.03075636694068,0.948009275424514,0.892931441251639,0.784289674669494
1.18256117556263,1.06377547078485,0.995910851998785,0.958515567165481,0.901285996869325
1.09942290966423,1.01161568284062,0.938712116824875,0.93538855683675,0.778970098917839
1.11170300844766,1.09512190959871,0.981825796164783,0.9532818425516,0.932096427994824
1.09117827927397,1.06141620664715,1.00182181218048,0.952624924169697,0.857262531686525
1.17693553687276,1.03096649856011,0.908378047157543,0.899617765421765,0.828073880191526
1.10522284066661,1.06740986005258,1.01195886834045,0.916446049902421,0.80561769744774
1.09310504028429,1.07204190119801,0.993546747101514,0.926280520830734,0.824540208476662
1.21887764094527,1.03957648352338,0.982233130861607,0.919814888948391,0.80172008847784
1.2214978094791,1.07586378432541,1.05223847679081,0.987735893390563,0.866484665365821
1.13761581098612,1.01480064881661,0.996057561332869,0.816839408717554,0.760651789175032
1.12205192083674,0.982385593147611,0.908973108597853,0.866182182287328,0.839158309302201
1.16364730053382,1.09539781448735,0.988052226242435,0.887849626834337,0.838390287102561
1.11807675548853,1.01461512327968,0.982223364269248,0.856451081748372,0.822876964755897
1.1727380821829,1.067965588639,1.04742371816364,0.960346589539712,0.909478701555809
1.09186586757458,1.04181385831808,0.959217103458211,0.917192967540897,0.876795858842709
1.17881926022129,1.11475503287555,0.962171567858368,0.954795225411232,0.754100942938565
1.16065166525934,1.07362225225219,0.986404061546357,0.947123018540281,0.857805555766813
1.10061398411421,1.01775033783093,0.981029093533132,0.90755901963163,0.832450385042864
1.14751480575141,1.09448161004698,1.03279669815059,0.990430142114036,0.880907821634202
1.18883888963528,1.10273776560091,1.02701985923205,0.912571507685983,0.818436681012128
1.16492859514921,1.11951087305559,1.02810261105161,0.949791571656345,0.868761194337136
1.07700581346862,1.02940873346917,0.927892129550889,0.919263269962075,0.877460983755607
1.23321189570888,1.11075259452614,1.07290352565602,0.926158574586711,0.873608098442314
1.13423322342242,1.07021241266832,0.996530555499434,0.92046137874693,0.849485982485057
1.20745048229878,1.14605592994751,1.01879403862671,0.983398750951844,0.922773426976617
1.13247244266507,1.06628202261566,0.994334623723769,0.979059387765966,0.748847115534239
1.19620928677589,1.13566269341899,1.0093305728057,0.942429932953355,0.819877785519954
1.15722871788396,1.10709293066605,0.952922892214562,0.895546259254171,0.859704982136019
1.17183451020303,1.0362824582313,1.00494405760667,0.928262097435349,0.847657822488042
1.15219084748054,1.08876044030569,0.987508763124845,0.892265901352872,0.821853720358311
1.212063296309,1.03740273409325,0.970558466632118,0.922485467656132,0.858113762433469
1.14585648474401,1.07204213788547,0.991874973610487,0.967543068535229,0.838970594284804
1.25962807708249,1.15731804288402,1.0116150673496,0.932939397267806,0.856576938696843
1.21102750186288,1.04956958360303,0.994237862500006,0.880535757614869,0.713599567759136
1.20359339828716,1.07032101106725,1.00402980293197,0.95431755644574,0.753583275327171
1.13192812035042,1.0081692895599,0.990769776082705,0.876111813506615,0.85769663281727
1.14483219953409,1.01090781053395,0.987936186264034,0.954837579706357,0.845160702571157
1.106202833925,1.0618509804809,1.04746606614359,1.01869122662689,0.901767388826474
1.15713784017069,1.01240752177386,0.959670886421077,0.91525908508934,0.824552368501164
1.13543407611119,1.03802268751495,0.992477253637798,0.982121619896974,0.852516813593257
1.21420111587102,1.10299157521845,0.965249629873227,0.949464709564448,0.898491820233418
1.15464507346147,1.12221950909488,1.06199917967036,0.987422751130223,0.860629962034567
1.18087831887854,1.08862834127392,1.03274328173802,0.944784055251966,0.83272728683747
1.13994928327113,1.12156832048342,1.03071417891082,0.894787401387536,0.802158532307775
1.06042410495582,1.04562377884718,1.03557955710858,0.955669440161096,0.854026658003097
1.20021965928671,1.13447334436966,0.982615805296377,0.969230759002217,0.893725145406283
1.12815922594497,1.0731617455775,1.04084123037088,0.975389251996752,0.869664835327143
1.22893852946122,1.04070650463365,1.02020144766879,0.993232209431955,0.795560981313658
1.28275113846141,1.11496532158162,0.997563211250514,0.929029774601604,0.875919687419271
1.16068490681441,1.10310154358557,1.01148585026138,0.926028747224166,0.847988495697508
1.17937407543097,1.05275115666021,0.973632077335246,0.930786178422201,0.867248352493016
1.21892423789198,1.05477479412002,0.994533889590941,0.869180951654881,0.826275570850233
1.17881719107688,1.11306145741597,0.957074133883573,0.902704228598925,0.870229039918655
1.20505147353216,1.06274709296244,0.980565097186523,0.91944129788007,0.841663153529584
1.0667678892549,1.03620857679094,0.967537398559417,0.86367409516538,0.791823717262755
1.20732478383702,1.06605414792935,0.965115096339864,0.91818872327757,0.901809966634955
1.1573151519598,1.0593011975957,0.948151047909701,0.906237290529768,0.861830747829323
1.17221202417876,1.11763270425562,1.03556871741999,0.904147918745322,0.826787629812121
1.21051790891111,1.19156642810272,1.01950805770751,0.989401809537917,0.815933740299099
1.22537316245985,1.10588993181583,1.02548416408851,0.943439251761755,0.863054333080793
1.10772470898499,1.07900484693322,0.913736849701107,0.836384417195317,0.772609978889141
1.10572822165457,1.0523537714637,0.985429752225084,0.93665847221311,0.801987168274508
1.16838119008786,1.05757606167451,0.894966332710779,0.871001578943755,0.843067562636602
1.17340653302798,1.11698066766297,1.03722043043547,0.991786222707499,0.870764493398249
1.16416567807704,1.05930977653212,1.04106378319846,0.884074743531408,0.803466749962864
1.23261790833907,1.11872881907102,0.974925026903907,0.839249053236213,0.754439271895086
1.20955418957116,1.07336476382301,0.995511201537747,0.893136662898615,0.869398886234892
1.30566315605024,1.07882250622913,1.05603036474172,1.00062382787936,0.950383043120311
1.17588964446074,1.03203832168483,0.980890503227655,0.864789399931857,0.825806844555023
1.15923072324623,1.03611003252415,0.944533593617962,0.915715408539928,0.85623258596858
1.1419194223564,1.03854352998684,0.979303941709188,0.877839692097494,0.869240480546311
1.1957052513677,0.98475380325726,0.951512527987021,0.906727505557966,0.795210052897819
1.11050567476233,1.05536740934692,1.00475472766241,0.912882167029187,0.87455543639133
1.14182569244661,1.03231568904681,0.972972890901424,0.936681631877118,0.899397024536246
1.20835429252884,1.05205209896544,1.01134892195361,0.933790812082554,0.884108868662244
1.31635667724622,1.11078448296475,1.0483026456438,1.03513944829441,0.980642584364695
1.29720178470967,1.09711283265449,1.01351755686999,0.938761754862482,0.837777749462731
1.09400431142385,1.06323536061018,0.998037860086148,0.921946815041733,0.807061760216399
1.18117399648357,1.08156300303507,0.985823470005002,0.939906593815401,0.897329900387507
1.09306882835211,0.980172136363748,0.931936926776627,0.893218754251615,0.739774101861079
1.42018217197672,1.07475954905837,1.02179718266303,0.935195590917763,0.876833500084983
1.18825521868458,1.06740938355991,1.01106456712296,0.997301184122886,0.911685277825524
1.13711511603798,1.05122665270922,0.991403351464855,0.881042358010847,0.834587939270499
1.14833986584838,1.11400700671013,1.021994374646,0.955202276257123,0.916141202125994
1.20866087671804,1.04042866478645,0.913226832538157,0.883663403856235,0.816746852871634
1.22354605462504,1.09686332738291,1.0176832449146,0.850910423576503,0.79397622080342
1.09987207138151,1.03292858996314,0.979648312112826,0.90551088948829,0.83624685824482
1.11140770110093,1.01867596640745,0.988180434542654,0.959468082546929,0.86147236997344
1.11433226264756,1.09013426054976,0.975454308395871,0.918448985678145,0.879796134822614
1.15744424121364,1.0782408547769,0.970491925658095,0.875764871063042,0.813852731235066
1.15938404578635,1.04740349117199,0.970814999102264,0.874795851931715,0.861356886175398
1.16099529842979,1.10918555035604,1.07803810000013,1.0021663062204,0.890391725565137
1.08093060089354,1.03432290342361,0.940371922897609,0.871274676193694,0.828374591871005
1.29936319886882,1.12542785079005,0.998924209607932,0.903971578503698,0.830369812073183
1.14071197450772,1.05007222536234,0.975443454392049,0.917615629263954,0.898019591593703
1.20038318491164,1.02529874069047,0.979516872285423,0.925846913906166,0.864850663472165
1.17659697690932,1.04938646947929,0.98072253528885,0.941798314012522,0.849553652598678
1.14632588575288,0.999313047517974,0.900247039856693,0.857622386960061,0.720235730848274
1.07428502477539,1.05844254686299,0.996260700395372,0.976928643684465,0.8834061967375
1.09722062013083,1.03026830032151,0.94473773597125,0.865649008362261,0.862772027655805
1.13345122850872,1.09715400588613,0.935121897212782,0.879897901483978,0.819422446690377
1.12824998842086,1.10844826730197,1.05416552668212,0.928384955369212,0.878112563894923
1.14320903330003,1.05545853662492,0.991468937831156,0.890399915242846,0.845005302494449
1.17107824370171,1.06456932726945,1.02516874683479,0.972588676380894,0.930643636433075
1.24014017343137,1.05218468422199,0.966611517945427,0.856093927696736,0.790349438368479
1.19923241303174,1.09021144264826,1.08322937957398,0.90812331136906,0.875591385629726
1.11733072131579,1.05037818177002,0.948589724867572,0.902655933130541,0.807937172869162
1.14332289405177,1.00528466362043,0.940630481041541,0.921860734958316,0.871224856243924
1.11832559154389,0.976523468816027,0.908475671843268,0.894755012243459,0.77887285360826
1.36292139234994,1.15202474420056,0.960435529214877,0.920312056906203,0.849105750876914
1.18096742904427,1.03304346415484,0.930528604899887,0.896968308540963,0.86338020935169
1.13880056723167,1.07482287524175,0.999366737286683,0.877233481343616,0.831163592837008
1.16975891846197,1.07534409635052,1.00745888033028,0.975203270846754,0.742999542853296
1.2146053783518,0.994864875114551,0.928564180541064,0.890882633685214,0.830329189539781
1.09583593489443,1.03313311203916,0.971146506638311,0.930041547925707,0.845837483276287
1.13561852246533,1.05475728275518,0.982303656863069,0.977626273695272,0.888317752248938
1.14959981819671,1.11309349855936,1.01144459123661,0.96538521671335,0.893680988632871
1.31118559870414,1.01674132266637,0.996141844682922,0.934853197391988,0.871560217014812
1.17446557961977,1.13670551291047,1.02802935630505,0.969232969384051,0.857436908615699
1.18781465818078,1.13301496742768,1.06231948671518,0.945486994151252,0.791081738252742
1.21388822287791,1.10470477240812,0.947136146351241,0.910506523160327,0.866773524280913
1.12582764745371,1.03037126713447,0.985783549159702,0.922769777407785,0.871001899432237
1.20555064382607,1.14187330981228,1.06014284476787,1.01399038538788,0.923503569782808
1.20892755152685,1.0758646012546,0.956156536447941,0.848908381349184,0.774035584430278
1.20137802817992,1.02717221904493,0.95871435940856,0.896614447136887,0.879733027503312
1.10191292717293,1.01506266594843,0.976299516293948,0.892665034693791,0.810142466818343
1.17225493735446,1.13892238774884,1.07017992926754,1.0318247188928,0.940895777585291
1.16023694487919,1.09753199990162,1.0778980178564,1.02849048294799,0.886099214546057
1.18250572212774,1.10393436056542,0.944715495281685,0.939054832519691,0.803966310125873
1.21592313734055,1.08195153360754,1.0515927139773,0.935721432890045,0.812778762878674
1.15859830840034,1.09675511220648,1.02816638118289,0.935449175330017,0.808202159064171
1.1439396697466,1.08192142629539,1.05968653238709,0.919701269820146,0.818348700499235
1.1806626509798,1.10199110599634,0.962767844310547,0.942904843721405,0.874278918685307
1.14674004956407,1.07303444593382,1.01951076307243,0.929573796997525,0.787749510210095
1.13986432026073,1.03259079243462,0.928196776017158,0.87161064740951,0.776824563092433
1.17276451596625,1.01562227499088,0.903757323867296,0.885494626562079,0.818427613048049
1.18400614318651,1.03850952419072,1.00155027879059,0.898338095638278,0.816158780726171
1.13118262847897,1.01532308884279,0.99336299364953,0.959785894659158,0.81017143585863
1.16474379351386,1.0386795336708,1.00303363778106,0.918656353970282,0.866931709644088
1.3119603308265,1.00879959208609,0.958156448035345,0.898775811938351,0.82875573104829
1.15400556100225,1.08606000198794,1.01878037151105,0.957624896446194,0.884232842577124
1.14051890285961,0.998775376453672,0.986092201278121,0.964485550490966,0.880057150274876
1.2299255947978,1.13882040493887,1.03740856472634,0.851938320369472,0.844910062420399
1.15839901793674,1.08159541469584,0.969558583689824,0.944328454271322,0.786305156459458
1.14867628031687,1.04672559604614,1.02238228321917,0.935706358113614,0.821061034737229
1.32080970724573,1.14039673539337,1.05137426809817,0.951134791576783,0.785385932918873
1.21938104879308,1.12837229988274,0.956035453209397,0.919740429227737,0.855460497159532
1.14550770077871,1.05273730619436,1.02703028369845,0.946773229553948,0.899682334380363
1.12194908909336,1.02561669731172,0.951446718742775,0.897568596141578,0.878496831139133
1.20342539005409,1.12755940449213,0.962916228049559,0.919979408758624,0.90532688068725
1.24371838115361,1.0236450353813,0.981401568326871,0.882489812732284,0.81414727900488
1.14959410696396,1.089519353835,1.08849116844977,1.00828957688612,0.911968711662393
1.16790527230654,1.08183288110656,1.07438794967458,0.929993095499015,0.845406624103775
1.21167188132611,1.07912028589079,0.976901662050121,0.890055455089668,0.805226048374699
1.17463972033911,1.03871925795226,1.02348778502482,0.903755876522533,0.854225387246894
1.13404223979589,1.02816614508986,1.01465430909989,0.886316219409212,0.81658562745792
1.23235267739372,1.02525554712698,0.990508121657399,0.967562480851046,0.950814968346945
1.22293566142452,1.13013763769226,0.962467106433543,0.883899785344457,0.77166969098892
1.18317627999292,1.11701786250846,1.04195738369765,0.909085804234282,0.837875511188557
1.155890077567,1.10257579471845,1.05557023234312,0.951830942483708,0.885519702772725
1.19466767554948,1.09845725478528,0.969488179795514,0.899492790254389,0.839692693134533
1.1875064442009,1.05572156299866,0.943401288580137,0.932916845903943,0.872575689084713
1.25055160553898,1.10588428385219,0.983851675993813,0.926350477868389,0.890620290462456
1.13947016670282,1.09424055121804,0.985548780521144,0.936488670337618,0.823378301173174
1.14556455049483,1.07612346522987,1.01943084153055,0.95521922022075,0.891825063735467
1.12359235177891,1.08855834952893,1.02545579248859,0.909614441911211,0.878348359224445
1.30757453265921,1.08569270897454,1.03122462407539,0.982926122386772,0.86779871477689
1.1688888247754,1.06522796904939,1.03314793848097,0.941689263150835,0.850906073929657
1.1426094150237,1.07547398156849,0.92953278592069,0.890054155708961,0.752852122386274
1.16796784313048,1.02364145317374,1.00338211914585,0.969320055025676,0.8149335899455
1.12527610667117,1.10629370515378,1.03106534835592,0.97158420320612,0.817492974757771
1.15166054363114,1.03172401601357,0.969076367290897,0.885516088077473,0.867611255051069
1.09701118604386,1.06789574636451,1.04130367754798,0.988702669680325,0.884521821847523
1.1568456791934,1.03947262306953,0.959394232930746,0.936152265655193,0.806581782106359
1.21692481092609,1.10527119439094,1.07846895323659,1.0080961775582,0.863791861989765
1.09542405782307,1.08197348648445,0.955628825090916,0.90811479041241,0.882423551400389
1.18062499213851,1.0750597158149,1.04102251840761,0.96527833616657,0.828736038974633
1.08031724287427,1.05068588712524,0.996421317802429,0.883773347184495,0.8544414577742
1.19093758143532,1.11223268093101,1.07174804509582,1.05283336737073,0.896281144480352
1.18516040414554,1.0196957004935,0.975713170412191,0.944143445909289,0.853886234239101
1.3080426983075,1.05800476250938,0.979052393360074,0.935394225164005,0.866391600075644
1.17135607747703,1.03949938784708,0.985523827973437,0.866548014463644,0.835706910154979
1.20501601808211,1.10143779755008,1.03880282506438,0.98569266353262,0.925551775104931
1.19341673461728,1.11889463834911,1.03993654270683,0.901861994337538,0.837030894461526
1.21159977742737,1.07781734927989,1.04940133834119,0.97068139116826,0.87840543794891
1.14840606170423,0.998266008937516,0.931095891255615,0.899776731034908,0.816229097359686
1.20994410374651,1.09269707871308,1.01965257938546,0.94679307594481,0.862662157123249
1.22043914073503,1.03002126844729,0.963782286206544,0.937648728446711,0.884701286658408
1.28321786929327,1.16275431358278,1.08427152901162,1.0123922323504,0.880082634215443
1.13581656412016,1.07488749447591,0.950790754650194,0.923434356835662,0.896693029356773
1.1844897811819,1.13401938015845,1.01929196084816,0.939524757881027,0.900393566713328
1.19041646765615,1.06148499551249,0.994589630367698,0.934630100531818,0.849850794603409
1.13395157347149,1.08362104919835,0.993353397339651,0.936376473513257,0.890659605392256
1.0054488476313,0.9371674728703,0.92838157572356,0.854743331497898,0.80120384054897
1.20933043641964,1.03622723831956,0.997861298173409,0.923652671337789,0.867432472420093
1.24020036438858,1.06337698937677,1.02539023043319,0.960488928968581,0.886667894785736
1.2985564687845,1.11452077389463,1.04270184875443,0.976949685176342,0.921514522763203
1.08235633738113,1.0040915241577,0.959441386761588,0.945641411877125,0.799801527067408
1.17051788452872,1.12109324183246,0.961812128605785,0.959965575832073,0.875234530238722
1.20093554061251,1.11179617342069,1.06309935439931,1.03703259495261,0.888552348901953
1.17689755192747,1.06243403265985,0.945663069762669,0.929511229997455,0.891518832322493
1.19939157825557,1.13910670220883,1.00963315623738,0.990551287850547,0.812219872637326
1.24601737668309,1.1276320277609,0.973423829266622,0.926341530307087,0.830385024659662
1.12584269155934,1.04480000760126,0.951496194135566,0.913683079715351,0.894270487862858
1.10400913156001,1.06652557063733,0.949683254966576,0.900137731528914,0.807052312505369
1.22954468013306,1.09698459501682,1.01033046197466,0.892544176620427,0.832778618679174
1.10400621865381,1.02637283476411,0.99304720715533,0.857838928384017,0.738317266896466
1.15500648647534,1.06446426743498,0.998530274165807,0.958846781460733,0.892249372854875
1.11426694580585,1.04352885965596,1.01483309985137,0.955820943455974,0.918221975379265
1.20047214415687,1.12681005121167,1.03511667704899,0.929963299452357,0.774025920532901
1.16567080920631,1.09907415804506,1.03627185970291,0.946696959473932,0.904186821290972
1.28259641415204,1.1417737210525,1.06692069075905,0.921894507350432,0.830033637477572
1.26403431053005,1.04827403751754,0.971228378386366,0.944635116713237,0.889482284667472
1.15849573964423,1.05855910909724,1.03206805834678,0.994055953936314,0.851966252763201
1.12942305994267,1.10294483122963,1.0217617862757,0.974335357565211,0.848456327948544
1.17653158415736,1.09565953439014,1.01219448224915,0.999107275177745,0.940901983006484
1.1886241291217,1.06340941884709,0.980324234156255,0.938180452236878,0.823011731451058
1.07403847665129,0.986890793108979,0.934282977700824,0.88914528774591,0.851481185974578
1.22193762360916,1.07261821268471,1.04787157360598,0.975132764528408,0.944785789348435
1.16702591530824,1.07302073405172,0.932987260034885,0.886326134602035,0.839526124918808
1.13594722444437,1.07328548309843,0.992217932089128,0.90054001210633,0.742269570741429
1.11287178002725,1.08633615995996,1.02154776857504,0.960904018173971,0.85100576566872
1.25917489037927,1.03356928839592,0.969013332632067,0.878905718323082,0.807351084847155
1.00996685728046,0.98867270664874,0.962959618044742,0.913338038753272,0.87144372842571
1.08392560296302,1.04395009639319,0.920395639570876,0.868912704944579,0.789385699175985
1.24712146268334,1.12637162598542,1.03520294233146,0.912012649727153,0.891365116653966
1.14431665900889,1.08842554245511,1.00178270159288,0.931711818770976,0.859408601945333
1.22333721971403,1.14588112191154,1.07077897638051,0.98681600479398,0.876883505296051
1.2211919816897,1.09338514738087,0.94786584819445,0.914506877378476,0.789902539136075
1.14057392779616,1.04169468176374,0.976092526158994,0.945069958241654,0.849141050771265
1.10446008805949,1.03920036852469,1.00379846575675,0.923390932978232,0.787389296528032
1.19046224227565,1.1136109648596,1.04255771377341,0.880787967420076,0.825139922789208
1.13131327006693,1.03129812599922,0.967005777476826,0.932145727302227,0.876250224956767
1.27262281919908,1.10377601208087,1.048993674007,0.959618641459309,0.805643499753259
1.1331861177717,1.00484306203659,0.993823865510084,0.947803604002476,0.895583167635919
1.15791737137395,1.09724950393062,1.02813609238522,0.897031610833242,0.888772352396261
1.11878675077925,1.05416474200124,0.972585754585795,0.928141167099414,0.883554410075522
1.12243077039197,1.01410178866271,0.987116884671705,0.932965635910747,0.816693344361735
1.07261411006826,1.02074854747122,0.987405493828677,0.905128721911498,0.856076613879023
1.23984909620441,1.12771950926015,1.03935575316744,0.86815376158229,0.83920040088324
1.15833852763022,1.14765446241952,1.02151959748696,0.947895654912774,0.835429695440996
1.08462184273761,1.02183925017921,0.992598150695479,0.942125587806565,0.915886711255986
1.18455967753048,1.07136306554887,0.992016503182968,0.932313396166428,0.798495841754796
1.0622749038904,1.01969400662313,0.970956667645885,0.91694045283458,0.837199056682616
1.09413361006054,1.06889250288698,0.997614923196064,0.950984749849008,0.90610315491537
1.08994086509207,1.05893699316912,0.984364220410743,0.959286131913668,0.809844406786284
1.15930116378289,1.06766446465388,0.979455950830574,0.94367117589912,0.838837319161596
1.2356722902949,1.03948147644454,0.979432643306095,0.905007923834604,0.836444677449266
1.15705202289157,0.960974000184387,0.894741609380095,0.817095310686239,0.787869817236405
1.20301468500568,1.02161175671529,0.936967174347364,0.829531287882879,0.805354010663978
1.06633550318852,1.02481913424139,0.979135950999755,0.928539251444242,0.824926954809422
1.20470258762884,1.13385366073349,1.02990672523443,0.915872907345194,0.825095041045027
1.14012913296723,1.04527597536639,0.987673652664349,0.920125450114412,0.862567490995343
1.15723622752141,0.990337379522563,0.960854321379243,0.932407170180076,0.851115997446111
1.11014199290645,1.05577709474632,1.02029441918605,0.895224259468171,0.794151027481378
1.12840636649286,1.03774896486215,0.980380372508774,0.885173900777242,0.865307111058003
1.16259899458409,1.01781384398966,0.994878328214746,0.929491491613397,0.884641483929149
1.19918589262098,1.034320216975,0.955047116786017,0.934496562943218,0.812604843666831
1.17226788920059,1.06777521441009,0.979611226541014,0.950602052881702,0.867843239092964
1.12181221195682,1.11158350989287,1.0621121053463,0.927493883876038,0.805029436776957
1.03149702744998,0.996382802697318,0.963356204972761,0.890947026762647,0.839247458414254
1.14083165392248,1.08791047498236,0.880329016819394,0.870984753210044,0.804656711501804
1.18950793602501,1.01982585666472,0.974230377297432,0.917989215122666,0.815416462245286
1.1340983807743,1.09482583686531,1.02469522007589,0.957675190105611,0.84976535459077
1.21294558393438,1.01802523742351,0.951205026806305,0.886674258162226,0.835794017380831
1.23236822017798,1.12953244024104,0.995859821786555,0.963048863847397,0.752060239533731
1.18538960798032,1.01068734640515,0.968613815681472,0.932194898003806,0.866486467856542
1.20246224182434,1.1172475355448,1.02198957015477,0.937741717094592,0.887511115190923
1.11916162316735,1.06381472934564,0.989239411511258,0.928457244842261,0.834279184385191
1.2568199177647,1.17735668471797,1.0394164946047,0.98412388260983,0.897598678214237
1.19120992257805,1.10020019905859,1.02997354315719,1.00038398423239,0.838949068825801
1.13712698530547,1.00154143735665,0.974086091979221,0.945871627439909,0.902641707582459
1.18795915175339,1.15329521125784,1.03653459515969,0.992573724877005,0.888803533396982
1.24202852968736,1.11325577252206,0.986550947139458,0.930217885952222,0.888146662045983
1.08809464833281,0.999563770960401,0.953565377368123,0.930181768100134,0.840189082380209
1.24112735177401,1.20247270719684,1.11215707839662,1.07075412116245,0.924375461629793
1.13626481754676,1.08648119374017,0.925232792539796,0.877026734193733,0.854728935492506
1.12017693845699,1.08859063934107,1.00303413148534,0.929880990948352,0.865426928727455
1.16626317197337,1.10556525489397,1.02860209641147,0.827504447542434,0.795175791643714
1.25309419376008,1.10910871465469,1.03203744036083,0.912860439503948,0.862700093878258
1.13559368736221,1.10437190136491,0.947709995859389,0.926615515111053,0.826727270650814
1.10909104322743,1.06974255085699,0.963683889721772,0.931165417054847,0.873536800448521
1.18315210231457,1.07285849145465,1.04056128408164,0.975457878265732,0.776579321786285
1.18803963689113,1.08746659030206,1.01639080101357,0.930708137670651,0.81091813179361
1.16856399184906,1.08056863964319,0.994396559770191,0.920037978820329,0.848691189385091
1.15082278132513,0.999674365500438,0.993729780795381,0.898091887965522,0.844090613444197
1.12509456651757,1.09449959625578,0.906344126258475,0.856504611812237,0.775455851666666
1.29182560876015,1.09783847514022,1.01666029005689,0.967372185446658,0.91550137071547
1.15756029284318,1.13144629003279,1.05826629757769,1.00086940187676,0.815915565060683
1.29944095546634,1.04726003012736,0.990391895121116,0.931675535467769,0.846686955603265
1.10181983228094,1.05913439135777,0.983369902224517,0.898473027216211,0.865078216970542
1.16176565459399,1.10994102415681,0.973081489046204,0.891646629565922,0.84347018118933
1.22848157500266,1.04726056605167,0.939030536219858,0.904634986192903,0.821347471051516
1.14702040363604,1.01772684612918,0.99321221308521,0.935601914537658,0.875762216790354
1.19697495984667,1.04758049334371,1.03253709856663,0.964608712632625,0.87503445967715
1.21767128760556,1.04888606556606,0.923840675339709,0.878123101885176,0.840485751324323
1.20101983057382,1.06285572366367,1.01816157164492,0.970637870699073,0.868434546582015
1.16227165586836,1.08416761388453,1.02257234234557,0.939559475444404,0.846121838642554
1.21465425452533,1.1437599682184,0.987940612636054,0.93008096136196,0.85801696800994
1.23854401836871,1.11635553022097,1.04860406557589,0.968433686918784,0.920192750818455
1.17819282245093,1.05995751732548,1.01409764617646,0.889420652009278,0.832405957034495
1.08683796218567,0.997947904858342,0.963442483956756,0.919542601011973,0.790225455372346
1.20262925353291,1.09759012418355,0.994860081432022,0.947316803187283,0.885207420012414
1.12135693065292,1.03708484809712,0.946468558642598,0.890624387944287,0.85094563405471
1.16571755714277,1.08505875623343,1.01394369717107,1.00283944306635,0.915518542584043
1.19996372500443,1.03885438610183,0.946797511613286,0.886503765506508,0.826472580776496
1.15992367033913,1.10393940536248,0.939089729146757,0.914688967619813,0.802394999796488
1.25012822298924,1.14774048577844,0.996413978370137,0.959007888946307,0.865479108381133
1.12593559399753,1.10949340374055,1.04790669224989,0.999455189386188,0.83159145528723
1.23435062813963,1.08651321611019,1.01289745541843,0.943743226426247,0.872419806101382
1.13966701614936,1.07454663969064,0.973391328937599,0.922036640013995,0.826186916071425
1.10879770501576,1.09535175316078,0.987570903218852,0.9052120855257,0.832943040941026
1.19414843759948,1.07931083982516,1.02808152096653,0.945267577565033,0.805363565632151
1.0626992193328,0.998552786430212,0.974707431492744,0.93514405352711,0.873651094621369
1.16734650004621,1.09469454831221,1.05100729185291,0.906749585755309,0.852249078654388
1.11182023081072,1.06077753556199,0.958168724727908,0.856359398671211,0.810018783775125
1.21586009251485,1.10521912508997,1.00751440749836,0.939975597745365,0.882684044976971
1.09751891862132,1.05231583104607,0.991336538736503,0.910745434134304,0.779102774743882
1.28807645590799,1.06078614217304,1.02485150593862,0.971639652859099,0.852925831181868
1.19638040969071,1.05608017935809,0.986898557367274,0.909440884832772,0.856068280430196
1.12434732887864,1.06117504090972,0.964821835703696,0.902025971395381,0.839664682235774
1.12644686794111,1.08721543973196,0.978168584398809,0.956540137446564,0.821806777397123
1.23755981876858,1.11658073906763,1.00954013459524,0.950604504388133,0.915011517147448
1.16199685106009,1.08603091298096,1.00802908724289,0.949173423414991,0.920966196072061
1.21006835332477,1.13641250797862,1.0109687169255,0.929446630387793,0.802281146010019
1.22470659171536,1.09279449075138,0.982320821963976,0.953324668753634,0.88039314603822
1.20949453911859,1.05937797889885,1.01210449884419,0.922434079440016,0.833799553844985
1.17796991383045,1.04076322165982,1.02323273532389,0.88791229993494,0.801023961599948
1.19515885635715,1.18101910805742,1.09846440473219,1.01823565240546,0.808631795671964
1.29822378599051,1.17448198752268,0.97746233869798,0.967189163919006,0.837368074294023
1.12082754858276,1.04308261422898,0.985068563772331,0.907487224474162,0.809647959505454
1.12208457307021,1.04868219113754,1.00141715547166,0.910805627198729,0.856544902149912
1.19250942575881,1.0284179669272,0.994545518696676,0.930591052921658,0.828687683703062
1.17189824399218,1.11831890336451,1.03139224737893,0.956590660345766,0.890386120315135
1.23536524024978,1.09723072680771,1.01128521981883,0.967041023759444,0.769299020951321
1.16345337704804,1.03519509559393,0.984509669839396,0.944123627057749,0.838575354595228
1.16738556428095,1.08168580178957,1.03855179956166,0.99624032072586,0.987245446067993
1.21482812835619,1.07884605708965,1.02561441202321,0.865973965205329,0.850752444016593
1.18332388130768,1.06310999880332,1.01607682439474,0.972389509820687,0.851713210260144
1.21482547875924,1.04641343450556,0.996927129601249,0.918699035041752,0.881625039811443
1.22850761412964,1.08456961393317,0.947846195541196,0.905704966653947,0.843867212297122
1.17306335061553,1.09943043337211,0.950540318089923,0.909272846899306,0.84310104051881
1.19691663915203,1.11593153178982,1.0180290002103,0.919436205129253,0.847533415970071
1.2010516747803,1.13887529049278,1.00083428093338,0.98621553886693,0.907621278869887
1.15371489475573,1.07174325699509,0.924678240615624,0.894797928836997,0.834390427553579
1.22541721808994,1.0998423985151,1.0232768432585,0.996325572197191,0.941226344258547
1.24097933068235,1.11762888345374,0.977640204057616,0.881021564703114,0.843971328071142
1.12330717560046,1.08216502456392,1.05369256144635,0.984538192910807,0.865484524811362
1.11653903021523,1.05569464905509,1.00743527155714,0.90304844141495,0.850040980327184
1.10654287048326,1.02837048938748,0.985862733893276,0.952159917858398,0.90639908433684
1.04416800711659,0.972910117872122,0.967113784462785,0.853587213728158,0.811073271207724
1.11255328326775,1.05693516732838,1.02643135723163,0.887255491514998,0.796593712128214
1.10893717288045,1.02192893049553,0.986584494928977,0.903045081936415,0.856806841363789
1.34211567597787,1.09535017847426,0.958916815491392,0.860012676602823,0.829081058308961
1.11944343000768,1.04652855640357,0.977866312549441,0.86501288151356,0.77057422034253
1.17557196645729,1.01440606379148,0.924194485584424,0.893984544743293,0.860402413673026
1.04216958908788,1.02889791470709,0.947993572253212,0.834940380673931,0.803627345992986
1.10400090507589,1.0603223207017,0.939600520273712,0.893896461121892,0.82086516048628
1.16995075509034,1.10616579950996,1.09339464289169,1.0151023925992,0.872692133560572
1.20413922166128,1.07446482549026,0.945302639197379,0.925425062039743,0.872972949108586
1.24307391485078,1.0472714488257,1.00908427244929,0.960348229875543,0.844734885240075
1.14803462206934,1.1187448129295,1.03726459570531,0.9543715832922,0.876808892046867
1.19073338444339,1.10136215638333,1.02672040905147,0.947679943291465,0.846515896130457
1.17214323740859,1.03011984842458,0.971115517524266,0.933901163881415,0.831185981933883
1.21716712215968,1.07491137761785,0.987311170737099,0.943951183985023,0.826244661599119
1.13166084472209,1.05735950243185,0.979772902233759,0.957029057505002,0.88828171869156
1.22760779350816,1.06539310725607,0.979699846404422,0.9316321984611,0.832553420925311
1.09527983803306,1.06216899217482,0.990323057731083,0.900605192241273,0.785180285200715
1.12869150261518,1.09154397937796,1.02638810365364,0.985847615023837,0.855882902485583
1.1305760396989,1.05815774734873,0.980277572187411,0.906338913766451,0.827220068530708
1.11697609001246,1.00369800596046,0.988711448368306,0.903965356716401,0.857546320021215
1.1710577203955,1.0784922661392,1.04156822146053,0.867736106736821,0.844666049597188
1.06737424752652,0.999989739440312,0.915582482305898,0.828670604490848,0.783638630874842
1.21805264499644,1.1267638456682,0.962552586035098,0.922035958570278,0.889127364690264
1.22142454267802,1.05408142625375,0.958116373252332,0.915749331953383,0.859835679758063
1.29079247962455,1.07492239025478,1.03117280169311,0.996778314564287,0.843388803661443
1.17479498860531,1.10071364208325,1.02247724458786,0.994387347376586,0.88060850375688
1.21685362664223,1.1655486411269,1.0513017889938,0.962176942008373,0.90720840043223
1.02601747373189,1.00570168979201,0.970970103044219,0.895291373519331,0.849192599759959
1.11289162072271,1.07751966799471,0.98442144928832,0.940478126509468,0.877588257134396
1.16629818931975,1.08801008589322,1.04812131090636,0.992184392447418,0.90304597247956
1.10629432520922,1.06512516388387,0.997756594129579,0.921341963473164,0.86722764977846
1.23000056230902,1.07974337177553,1.01410408242542,0.967551741288959,0.804047863016512
1.17411245448685,1.13872803158762,1.03173352654882,0.960210455024875,0.862060097285511
1.13930377196535,1.12679005452175,1.0432482261416,0.923023402752453,0.829642564632959
1.19453524403203,1.04498035078715,1.00810116197128,0.925056983588347,0.862507248677754
1.16585861018451,1.14907185846288,0.956070537844599,0.920008754725612,0.891732358671195
1.21426521527018,1.12679823602506,1.00476807656245,0.874109067720324,0.792690074228138
1.16055486069367,1.03737597446817,0.996029933601636,0.930686433697765,0.898801773302543
1.09682007186248,1.03166690287979,1.00935742763708,0.95036308273073,0.870446275858437
1.14592942947647,1.1258597140036,1.0240326076561,0.96513603573545,0.857074401509401
1.21282463754616,1.02101922680066,0.961466774794689,0.902178078775721,0.842134546968076
1.20383224810858,1.04953017264705,1.02735196308885,0.981115693705364,0.914295953058466
1.15889987968232,1.07404110084833,0.983111244391102,0.886575265710792,0.811266822738629
1.12078807130127,1.05443137002034,1.00952368528273,0.995801853337163,0.840860486873673
1.18141696150426,1.04268356821075,0.971246501868344,0.956207464500301,0.887397994853521
1.18146555479669,1.16681412920671,1.04525760028057,0.889226777876479,0.851638829347171
1.16165307809964,1.13407114536237,1.06931066897803,1.03087266594719,0.912882967896133
1.15538211996715,1.07652744839043,1.05513877711943,0.958194998251604,0.821775042565246
1.12174052650691,1.05753202439268,1.00328329977338,0.898911837755182,0.845171346171342
1.10032265603818,1.02087394669862,0.985179823612349,0.933226559150733,0.821413199311707
1.04725698079366,1.00913092682745,0.957320822129225,0.905165536174979,0.80688436554706
1.14414769642156,1.0956444414324,0.980647804459432,0.897620303736694,0.871435217076139
1.227774721505,1.08487268593475,1.02027935814054,0.92183897276927,0.847634814112639
1.15702546313857,1.09805462315912,0.970323087156771,0.900559022850763,0.836657295790749
1.18901471502265,1.01219704035719,1.0041596185039,0.922178978100059,0.868222657426874
1.11366991565151,1.01867664079386,0.949500786101129,0.906888095973336,0.755235805435694
1.14256672950235,1.03830115020688,0.96048369438801,0.903218909631326,0.854380423543642
1.06035556200837,1.01277780093344,0.970409175394818,0.928755538214553,0.82126358580996
1.19522668300337,1.09771296245144,1.01863990173284,0.897456348362065,0.805425461029899
1.15763803723097,1.10218091179822,1.03198307594342,0.953176051430477,0.8305657153828
1.16109266027685,1.0370063248373,0.968594200606234,0.877010243186071,0.798250207827645
1.28144461887266,1.07367306017841,0.981820489784759,0.946610709190162,0.829324307804004
1.20789565661158,1.15811861522809,1.02093159122744,0.947021418307783,0.852451601963047
1.14349205901498,1.04623914809788,1.03553779464174,0.977975603046654,0.876743485154796
1.28549899954211,1.05950209829078,0.974461367064399,0.925856545449018,0.887739673781953
1.21046143891644,1.08338882654125,1.04214763542437,0.982004027431348,0.842515492161378
1.11050480605669,1.06488521194607,1.00640717535557,0.925889457113984,0.869638065636398
1.09773325147161,1.09318326967351,0.952096578507107,0.853377096021841,0.76797119434899
1.1068278689745,0.975726776760535,0.971591424939548,0.930825237495748,0.845891275101552
1.13055214470485,1.05503449123372,1.02603922215137,0.982046532128651,0.870809334556744
1.20557970224838,1.03840504183832,1.01321259533025,0.945231475966816,0.897244582987084
1.11956932851906,1.04778129664897,0.958384635317055,0.885255946937524,0.860906078343647
1.18018303200037,1.06221250255883,0.98472757265289,0.906424901766836,0.743818672723197
1.15336123894682,1.08423636064062,1.06411208536694,0.946919860651684,0.880778079829854
1.10699746232886,1.07528742761341,0.985775153723283,0.928457531934045,0.858938146111299
1.20080789478522,1.09679637549131,1.00777473155201,0.968906579034715,0.91454534995275
1.20771478989588,1.07241836569711,1.0400880390086,0.907560885514806,0.880618073423906
1.17290876840759,1.08594496043533,0.9589409647735,0.903952796721033,0.874875415543488
1.09670967966583,1.06588607432475,1.01333792989975,0.962569652249278,0.847523529411517
1.34934660515536,1.20545911469608,1.06763876723716,0.957887153666192,0.905225434949409
1.22377103971472,1.090506363967,0.955043457955415,0.905445792745309,0.830682054569146
1.16518698619022,1.1121778748796,0.967225827722669,0.883548899079964,0.81590340939431
1.16380131071512,1.10643455065315,1.02899408582224,0.944929876074726,0.917837582780684
1.1629811496737,1.04800939082627,0.970280640285998,0.917091231868527,0.763618812715107
1.25266846121126,1.10281431266858,1.02462291140117,0.965738390715788,0.857952927071976
1.2043659074672,1.07226492352876,0.880773848119572,0.782504325799274,0.77071901321257
1.20306479186798,1.12996755505555,1.03711132532233,0.90191997340382,0.817169567676186
1.18780051016817,1.00889983370464,0.994909380537413,0.937708700736462,0.862447818514811
1.16742561426394,1.13274698915122,1.08048972964611,0.927951488368215,0.839798101037216
1.11772795421158,1.07511154514524,0.981221320634305,0.94124871627134,0.832971881725914
1.21840896066601,1.1282461333527,0.992131893866319,0.938143687867075,0.863158068695861
1.13855271981369,1.05631130917135,0.967337936377134,0.922774619132286,0.824296404554506
1.23887380238763,1.06587741347231,0.959110825995804,0.908989776572969,0.772253034118231
1.10525106944485,1.05848149933718,0.925650842676298,0.890964371677665,0.84413864745303
1.15537258493126,1.1369902094602,0.988319684405988,0.941306864707726,0.924702435444449
1.24015735101939,1.15530699118911,0.998377901277864,0.958588604937486,0.938532881770389
1.15560305551251,0.983166395284211,0.934409578174113,0.896728399954745,0.819650110588069
1.10656679451973,0.993785297316909,0.950978858576874,0.854522118434642,0.777434479318865
1.20509019654804,1.11409716585785,0.967746854027573,0.927566820566892,0.832375215584231
1.20317379499627,1.07511060416939,1.0337638182364,0.884699336391905,0.740298901946627
1.2442471472352,1.14546914830012,1.0544553396157,0.959499657687239,0.8297617945915
1.09146751268679,1.01471507724675,0.970088391976222,0.904274164256644,0.836805588882802
1.15371378549399,1.11130442766898,0.960505944102724,0.898920197013627,0.802506387145252
1.2282699610727,1.10630490125793,0.97263954422004,0.890901837677102,0.766958185092458
1.19851920752204,1.15868092717916,0.984153188081155,0.972808533458481,0.907025948785749
1.15558342965544,1.06625520143907,1.01217974838834,0.893440711634468,0.814668567955167
1.17202139927352,1.03406557413489,0.986179654879788,0.96210932121108,0.897795844306021
1.16708211882969,1.05975486156129,1.03786214966755,0.979782581339837,0.831728714635986
1.08919306066227,0.99177314293313,0.935193265579365,0.891474029411437,0.780475102574194
1.27868098965314,1.06926948790769,0.994714729542681,0.921758308365612,0.811834540823868
1.22623907613418,1.0447903489991,1.01086280122202,0.936582281875608,0.833972506173194
1.22829123677449,1.09226151489235,1.04276934974823,0.983328476764914,0.947584762133113
1.16911424621427,1.07150153751198,0.960063208222282,0.877537301428441,0.8406401398101
1.18996129024277,1.0649267363609,1.01863854501988,0.942374021637013,0.864599696639655
1.23011740278772,1.08817635420957,1.0298284303379,0.867677769754949,0.786749806464478
1.14354031930092,1.0260877646245,0.993622047138931,0.975095675772278,0.794095750160152
1.13784339033262,1.05761487126673,0.97774523102126,0.910637920407986,0.846727487316951
1.1924200546779,1.09672715980845,1.01507285382795,0.912535451677202,0.844652644824098
1.09956296170188,1.09240918159436,1.02301610332945,0.933948955227677,0.887466302087319
1.13880790020441,1.02643212885791,1.00538642016255,0.980840060563469,0.871672096251895
1.1051731198359,1.08490919592005,0.965489160605663,0.936349240289375,0.868924840411692
1.14042252642849,1.10265063191162,0.993259993696539,0.901214917140648,0.818733684779904
1.16666738723265,1.12678692813501,0.997616589778079,0.895147105988713,0.776712497921528
1.19867225580649,1.12037449142264,1.05364176148855,0.979328221453367,0.869089311450361
1.16608320440215,1.13961512593812,1.0289517821016,0.998600220903778,0.791022922772986
1.135026067915,1.0872807452845,0.98102023714325,0.938990713475854,0.786494527783126
1.13014672068778,1.06609948588274,0.946374352285583,0.925044129277437,0.84868552122033
1.11560133931919,1.0945306941097,1.01514953931126,0.941078713355051,0.846128494278408
1.14285749266649,1.06019410023449,1.01143511457826,0.970708458680307,0.847889022993197
1.30492344443831,1.12436172814933,1.045690118022,0.999718227857038,0.871235569101486
1.11282614671201,1.06140973271939,0.989761120119565,0.896316764116317,0.776236682540759
1.20062643410183,1.09090710906602,0.97709425856217,0.864236161500536,0.843327827518344
1.10534044851012,0.972817885385846,0.929708654153235,0.873982416917681,0.807249037183877
1.0947274035158,1.07393205340386,1.00480999101724,0.917617141967601,0.82553285016841
1.11806540659095,1.07651539563284,1.01065513619925,0.953954090420366,0.838624253947528
1.17596767346984,1.1095137248895,0.995860877293947,0.904324919564621,0.836750547498263
1.13846139297902,1.0125240803352,0.923664167045247,0.873317428721019,0.815410784386474
1.19747479908068,1.11599087216533,0.994744167377171,0.961013954838688,0.883688644244731
1.24133821394065,1.15054920180209,1.08852306397906,0.977810612603982,0.826669471532831
1.19295437557538,1.03995974806783,0.952346084958221,0.938480439797396,0.904716754168248
1.12497267871308,1.0612177759255,0.967511360236424,0.914858405556239,0.859379937070081
1.2242550215465,1.14656159583776,1.0546864651181,0.908284849009179,0.810261839789313
1.16447461952479,1.07794013701728,1.01051398643029,0.940751093317935,0.897447711319896
1.12278695210896,1.06199265104418,0.973016280899032,0.967231413859527,0.855817124950076
1.16401133533131,1.09697783280696,1.07284416712365,0.941899772147587,0.818404623812013
1.24961578279033,1.15698366164266,1.08769018677204,0.935878219640041,0.880392472832575
1.08770781417125,1.06280655759457,1.01575752368214,0.931482909773261,0.890261298612524
1.19180336535452,1.08396168778383,1.04496403643477,0.974369892107349,0.839515536267802
1.12851578264794,0.992088332551537,0.926451866340051,0.892961797896645,0.81854089256952
1.24946992001173,1.12628755768862,0.956425780130658,0.894782269459378,0.798683257418996
1.16075827757913,1.02843139423444,1.01758786610025,0.958210464625629,0.901518044623657
1.07376652641408,1.0326946361182,0.975465124929288,0.939357689009332,0.877830967025384
1.21457760575027,1.09984486645412,1.00323292511151,0.917932203672987,0.81694333899318
1.15231233952926,1.04254176309826,0.975102560326863,0.927211449163491,0.824863164780719
1.17675262922051,1.09433247954899,1.05342269765165,0.937898347480154,0.777533855894467
1.18216127532648,1.15397212115323,1.0905063748729,0.971438583263612,0.886594898868989
1.06101425344458,1.04869680930105,0.97617171141504,0.939400330594696,0.85871575817917
1.12960318213413,1.09945711248088,0.970961782053199,0.930210782248311,0.827072440679984
1.28293415856524,1.11199203004679,1.06218634706797,0.91238813819838,0.893436599870033
1.08715917291412,1.03948173909398,0.984238121748191,0.940623517861162,0.787169995735613
1.09513917454865,0.991001658438662,0.927347806339903,0.904458757112766,0.872034146385236
1.18218197519308,1.11845047563383,0.993727128653789,0.980689656960529,0.913778874462145
1.11616962979316,1.00299809047774,0.977378786933492,0.875683617557536,0.850027568589823
1.1564675278184,1.06427819602041,1.04532035404444,0.988478284626958,0.857738559178125
1.20846339833063,1.093325257725,0.979505642712246,0.946670547256111,0.798726927680791
1.21903695321234,1.08366482757693,1.06785594892605,0.94976145475317,0.914572024627124
1.207254281002,1.03048663857273,1.01230585567882,0.962885158829103,0.776241512261597
1.0695494072923,1.0016251506721,0.90126434218841,0.887257682512818,0.825537054480344
1.14718818116519,1.13203913753497,1.02464162672079,0.949989550195877,0.83890466607696
1.12125977325494,1.04552399228296,0.970556437387853,0.879465029001889,0.808403998989118
1.11627011234327,1.03672027256681,0.988820653853546,0.892334988122629,0.84904495281446
1.14752044988163,1.07298688849519,0.996659925454264,0.91358478047978,0.840272958139074
1.15671355064196,1.09126634286288,1.02934628992132,0.867978025840523,0.788618709774655
1.27953385614509,1.13353857958042,1.02177282024939,0.975238554887069,0.807016117743509
1.16580823551874,1.0991788437256,0.991010977249703,0.931184475135224,0.879538079099263
1.17927159082974,1.06281682527815,0.984175441925516,0.87931666862261,0.806576058228987
1.19716014895792,1.09795291765145,0.99209717616601,0.802446103603243,0.774364259737482
1.16343953133138,1.07520860071564,1.03849185432965,0.899446744441549,0.837740609667184
1.16471038939911,1.0715846133768,1.04808782109843,0.983099878042635,0.771139553038067
1.30618559152746,1.20034196467411,1.09516119364953,1.00024414567461,0.845312959271342
1.25158957987099,0.990940979556365,0.962612521380092,0.888861521666416,0.785610300562866
1.21379513224396,1.07594202169224,1.0303539442195,0.957475142285334,0.810337612257041
1.183952505594,1.06504182632569,0.941792932749714,0.908582171667314,0.793980530137905
1.20668545408218,1.09510551881184,0.996810743027466,0.901600985203259,0.874928708942734
1.20509875996178,1.10108724936814,0.985708775379669,0.942544871328306,0.919485020758227
1.13619665919901,1.10758008351271,0.975454158391422,0.905229208152196,0.789450028647051
1.15241638587508,1.01443167685051,1.00540519928276,0.875739451258433,0.78586242435643
1.22022704044069,1.1132727282082,0.941114606385684,0.893047515395587,0.816271613696508
1.15745710435404,1.0617255649736,0.958853209669726,0.954012186280197,0.903193228607054
1.17344355464753,1.0869277721365,0.992585747477887,0.922371221725813,0.900668650387087
1.14976916547959,1.03549106154792,0.988542230118871,0.932318774988168,0.87579164243855
1.08654364666899,1.07012409966798,0.953798404676293,0.926485245297656,0.856552502185795
1.25338143517304,1.01874122934237,0.989702434372721,0.906879392058668,0.809950982972901
1.17769185016836,1.09079991143185,1.00921088759399,0.921513890332174,0.909352981584682
1.18583012967696,1.11746516110346,1.04074486421818,1.02578228734707,0.865319717700703
1.26680510258946,1.04311098378198,0.912383208232596,0.90462833848147,0.870617809810912
1.14633218464414,1.1360869972605,1.02082588511903,0.946529145334765,0.884050929831695
1.13500138688918,1.08002863309845,0.998218838311723,0.960621103446632,0.890902470714322
1.0811157110363,1.05677419835746,1.00879906793508,0.850439795662984,0.835648898359851
1.12192807734904,1.03252347102943,0.976722456885959,0.861144624913476,0.844535434037038
1.1372243031145,1.06908373542492,0.927905043678245,0.878781576665605,0.845660757835794
1.14338902383327,1.07282536829116,1.0542098429797,0.919747795786386,0.887027030100954
1.1420450041474,1.01147441638281,0.967962336254347,0.89978602849184,0.875606316855337
1.33528360602899,1.03398502442829,1.01231098885308,0.944808746531588,0.80037695065321
1.19571530084848,1.0854420496435,1.02018581798683,0.936761219560363,0.848842709683018
1.11752008285514,1.04079089104825,1.01544005142224,0.888940938040977,0.830864017194976
1.18086713368979,1.00106303284019,0.960282931477759,0.914083923637087,0.892581277499414
1.14453401207265,1.00252159206836,0.893961613750791,0.877606442070746,0.807898028603079
1.11583684830292,1.05354765585434,0.954668716668326,0.93503812832394,0.893376666217686
1.16402773840833,1.05229793155086,0.992216354228531,0.973171130080667,0.875794875207436
1.24373087981311,1.08563324723929,1.00761826048285,0.965222149897242,0.835328164181082
1.21819098669223,1.13717352509621,1.09351394925558,0.923551548754656,0.875063419841352
1.21557722918365,1.12848528445507,1.04917129735227,0.942484781379503,0.86502539757496
1.15448210833972,1.02446368546198,1.00363165352918,0.917729518949001,0.825598085573701
1.12296879317597,1.08393975730956,1.01014116557199,0.908293595004013,0.809874340918556
1.17645878339929,1.12283110769781,0.982690517096109,0.909802869513618,0.718695536447549
1.11906087887754,1.10853563695743,1.02277720170246,0.926503947022055,0.876797959718213
1.15201532004051,1.04418418219273,1.01311951342343,0.938613983453332,0.800008848631054
1.27591841350745,1.07931445271727,1.03562488964683,0.969585032677052,0.894084588554192
1.23572832956248,1.11572360589011,1.03194364188572,0.83356450766071,0.767306443681073
1.20943793070463,1.07112567045853,1.01013780506284,0.830952822542821,0.799901862733092
1.12700176720032,1.06944330084602,0.995647683302376,0.927081118541396,0.784187246101816
1.09581147076727,0.993089970767029,0.95006247534676,0.922442978886018,0.764979702410929
1.1939413151502,1.03828102112688,0.997500015928216,0.903913619919633,0.784457648318639
1.20958972319784,1.13690522011503,0.979880215034214,0.88259156570939,0.873897047085169
1.13077942317261,1.08442425699153,0.912603145884117,0.887238173670864,0.861196438886572
1.1838800617272,1.12402370285465,0.960708229139911,0.92518965394832,0.803824305483704
1.2042637384209,1.10868207922601,1.04891057637651,0.97171748672301,0.873721274633033
1.10647831716119,0.920685419762699,0.911571669426721,0.895827583188855,0.840199258772798
1.07890984461388,0.994549400802232,0.923428081331826,0.882751597346776,0.801288507608203
1.11055314702221,1.03985113778305,0.986480914319425,0.902321024231808,0.811589024851491
1.13594626329712,1.12212378184407,1.06495048712589,0.944808364983283,0.907154388595408
1.12354659692186,1.04771538805639,1.01108989587771,0.923925478544649,0.870046201295895
0.996088144556932,0.966951204075374,0.951372181151664,0.877924181282372,0.810778627598409
1.24946333701129,1.09014805224516,0.984708830008639,0.919348328696556,0.805654919305992
1.31747574137427,1.25754358252947,1.07040777538785,1.03360255437991,0.88522945226101
1.19898992405366,1.06774409617524,0.980558685160214,0.922011510713519,0.892467178921649
1.08763994922243,1.05267029186724,0.948337557731089,0.901358082632622,0.786764468737728
1.12463858661892,1.05822246624357,0.984138922345123,0.853019192469502,0.839223243669077
1.15386500635947,1.09709867578253,1.02961006495688,0.963680411656155,0.821185731677101
1.23861583483543,1.07881853830106,1.02835046271838,0.944332554134285,0.838414298654891
1.09848409037358,1.0530488931595,0.922244964701203,0.857301778644841,0.808440762668832
1.18330093188933,1.08428662378447,1.04914599479454,0.916173344663074,0.835969281478701
1.15416598150073,1.09415208209003,1.01723723475067,0.998356867708893,0.880579651981308
1.07630613443687,1.00320207435605,0.971634493121637,0.905481098102242,0.848920224330178
1.14987931091456,1.03205269475226,1.01112865079681,0.924640788548452,0.808758668479313
1.16825219081848,1.07697093103179,1.03444228311363,0.94030157318892,0.913636691288299
1.18292072093114,1.10682260374219,1.08431237570416,0.999790112493006,0.792709348154243
1.03813407414886,1.00425253869305,0.874026538116858,0.867034072635023,0.862593409493883
1.21303440593301,1.07600154628362,0.983019164247791,0.937889855180181,0.854364879242077
1.07520372486323,1.03296676263105,0.986848450072516,0.928985946616469,0.817911249228692
1.09805360323509,1.05334448205774,0.955258931571482,0.939100947069488,0.89219606598627
1.19992777337677,1.07385494248634,0.989135652403904,0.876364530091811,0.812028545490089
1.11441393152854,0.985545289070105,0.939734283631371,0.891094700395006,0.868245864628396
1.20129726921909,1.052504584091,0.915352989912679,0.906444183735923,0.829842728824962
1.14618230859245,1.05799714652814,0.98415972639692,0.907227432810701,0.761579334721295
1.25839863725855,1.20529041766535,0.964901490351598,0.866992236505209,0.808678469719667
1.21270858730302,1.15377191399509,0.984902650904121,0.907717242878369,0.811616457832198
1.21271679359439,1.05615673946152,0.960591254577398,0.87885054349027,0.826246670317846
1.13835665138563,1.07821288953428,1.0252333380992,0.865786731811932,0.748380319803142
1.17256529947012,1.07436773269284,0.951157914161442,0.876317756727351,0.819332974228742
1.19919657165813,1.01630791402506,1.00804239484103,0.852397125559676,0.744818048800492
1.25351051142599,1.0972754418239,1.06019880686993,0.926060721767376,0.885472840749389
1.12552526482216,1.01148173751744,0.970036700945787,0.908556365579833,0.832914629983079
1.12803700798267,1.06599896072933,1.02415199100434,0.907037357515796,0.845217325701344
1.31492141859529,1.21629701273531,0.95036830065721,0.882247807281069,0.816329251071031
1.20077915856301,1.09986269371659,1.0280835846385,0.966110314723744,0.885961391243764
1.1194128080224,1.07885287001607,1.00504347626775,0.888837772772244,0.847630958571067
1.20512902971668,1.17160691157039,1.04414406127377,0.977902447590501,0.873572664670384
1.23592518298305,0.985905463513792,0.958936235168414,0.945471589348179,0.870061901121556
1.16657291486997,1.01502360596971,0.909239207590299,0.840891638933475,0.804710785090667
1.21118195151551,1.14708715309242,1.00234421604673,0.933752638530234,0.880592127645522
1.23425086890471,1.07174040114444,0.972885101719609,0.932301106391303,0.844026130782562
1.15541460655932,1.0923187711096,1.01200419810037,0.965817013121954,0.952906664427201
1.16854769912502,1.04388129941749,0.931184352458112,0.859272123436589,0.805779665728142
1.08043589497298,1.03643740924694,0.976711189989715,0.960613265407022,0.853471072025903
1.130636491496,1.03699988662678,0.981517556066717,0.929848548804401,0.893685855634506
1.15725579200837,1.11521133771896,0.977253948410272,0.873505123739953,0.835970483532282
1.17719191717771,1.14951254527287,1.0819817002526,0.91283975144152,0.849328000093236
1.10720988710793,1.00220008243992,0.961581212232314,0.918631910600235,0.787335349947066
1.08353066427515,1.02910069127165,1.00375293223929,0.962306892377022,0.87406857048669
1.23119091514487,1.13643818839906,1.0401440743446,0.922004977265109,0.823445589537935
1.16204526374328,1.09754386197264,1.03079583178866,0.918111658814858,0.821334356230751
1.14642172434477,1.08913788198711,0.987456887707582,0.91421855165053,0.836412482390446
1.15629002562604,1.07205108487596,0.972983759818652,0.90793020122536,0.870344409461724
1.14310687274783,1.09328618469132,0.946728694680702,0.911425402765441,0.826876348137564
1.15245368191385,1.07612871204042,0.956895548515755,0.872436719448358,0.793336072884092
1.11816370807912,1.09839895700382,1.06385568702354,0.955355454411023,0.828587784303103
1.04602813444241,1.00017496493531,0.942056336511703,0.910257982376878,0.810768483320776
1.19878535158883,1.08556903801669,0.983135263896433,0.932182619387776,0.836893591645217
1.14173953612605,1.01437412661944,0.99814336142734,0.879578481677059,0.791172082565849
1.16944276835329,1.07936105131654,1.0043032051019,0.930235334839406,0.877565183060733
1.13741289050504,0.998880565255876,0.984988221653382,0.910599252038584,0.815466183949127
1.07324059819827,1.02139477724484,1.01038513056652,0.952719641138671,0.862037779476157
1.18553094538439,1.11141340767684,1.03717005371609,1.02747832278465,0.86957883280799
1.15846859734449,1.05007395145555,1.00276623016382,0.943210040305408,0.825438974333189
1.26756083203574,1.03771477193788,1.01245167524597,0.930897588421326,0.867230022456047
1.16571415861701,1.04200560747496,0.977017420371819,0.908227269909517,0.848759347479106
1.21046430117119,1.09586990573898,0.99853400355857,0.949553461716141,0.852030703639106
1.22333272432945,1.08770073962817,1.03922275355201,0.918840577606765,0.835583407656148
1.12629550537074,1.06136950514496,0.930291389461339,0.901258165076419,0.807507175224563
1.12358344710597,1.01363940543533,0.993321698479388,0.852064094973743,0.765491002075123
1.21915487659122,1.04788448806507,0.982723303964884,0.901243314625842,0.817809940248717
1.17851100598383,1.08221014011429,0.99050906867818,0.942835111541752,0.803229348687068
1.15550871458153,1.07505978651044,1.04619349417851,0.977281100038894,0.819806906360154
1.10648140272459,1.02567550999793,0.943130628822228,0.888402578085497,0.874646859100761
1.0734929682922,1.02421392575139,0.911486476911267,0.875327697453971,0.827699102344961
1.117111217989,1.06947130371655,0.988248565406872,0.950941493714183,0.864319973910285
1.21658171228969,1.08893241718958,1.02820877473862,0.927525403665263,0.889971942638066
1.18854407826684,1.0495850150829,1.01489916893859,0.948016305259678,0.885616833995544
1.11024660219123,1.05010719899517,1.01518927446001,0.974508517935739,0.946835060857754
1.06443564448342,1.0347076827238,0.9657470196892,0.94388758055705,0.816323774924165
1.16145882067586,1.02548593311666,0.945368438816682,0.889771418557636,0.860490482170204
1.13941979974938,1.11515799578042,1.00915565290033,0.968945352925911,0.875258214848472
1.27271665779937,1.19914540892496,1.11003787106049,0.950926739065711,0.854494104181815
1.18957207107955,1.07995413492215,1.00656984551338,0.916063675597731,0.88360442699567
1.16890348962555,1.0884072233828,1.05855000707664,0.975441374701082,0.944666154095928
1.18667967946035,1.09185370144943,1.01149498825143,0.996141448528061,0.880050618030359
1.19804191648604,1.0104985414879,0.995917940408784,0.954365617665606,0.849785826034849
1.17449604286144,1.10347531619861,1.06591210598529,0.866694959246453,0.746100785676493
1.07350810275892,1.01359092788008,1.006556696554,0.928427425118211,0.751273256160036
1.18388556464897,1.05765316700316,0.977201800878749,0.959887943717145,0.861023009618792
1.13884734405108,1.0335573324182,0.99873159250508,0.901804175168658,0.834353602356208
1.22970482406577,1.0985071015123,1.05287930740372,0.964803481346022,0.922918870007973
1.16913883466125,1.01383789464116,0.925978252562737,0.918843853664172,0.845727983229556
1.13903751920537,1.06129878486377,1.01636848205487,0.94441824019605,0.871310414374505
1.20904081073765,1.12269372306833,0.990198065616545,0.873900296468845,0.792395515246322
1.15944848859148,1.14228971875372,0.985441803669786,0.81301624548245,0.753575198067508
1.10576370213418,1.01484811034484,0.941543380707936,0.893223203479641,0.857143044659384
1.14785676695941,1.05967993151442,0.99124334007396,0.905588293032764,0.855164883775852
1.19001281606648,1.14156806704025,0.967497889428558,0.926289606259723,0.757753348471148
1.16143887874487,1.04306595948319,1.02984558927427,0.936723211383978,0.802796181584194
1.18678065759664,1.13374617349908,1.04119526357346,0.963701596232126,0.87591987349137
1.19696519221475,1.09406430619696,1.03650129406854,0.943514134946428,0.848314996247985
1.0249947599347,0.997766213216121,0.894414803537759,0.824369000736096,0.738826266411723
1.14288157292554,1.08307357190151,0.951139666886179,0.895332311972618,0.778479415752537
1.14840843910198,1.07675903215225,0.969883142383406,0.914905341900068,0.82638828152221
1.14134470348597,1.07051702123123,0.946905585677484,0.916097967333099,0.858841964904168
1.20812475703453,1.10700740292614,1.01743774069239,0.956547823590317,0.813930486703061
1.12718213861895,1.10442867269023,0.993595891552437,0.908853813650081,0.832663604389323
1.13419405149808,1.12242207802352,0.964933421417569,0.904781453544167,0.783761223328974
1.09846359761876,1.04610239463717,0.992834439378638,0.863712582342115,0.768229076985707
1.12673951183851,1.04426143207948,1.00784520921509,0.956977698018112,0.90745880053306
1.20937807344973,1.13333774997513,1.08791944481451,1.00890657186093,0.875612480180848
1.20478259494708,1.1465482238698,0.95421701134052,0.891402792917834,0.836968059684983
1.15057903923422,1.07637715938953,0.986169524315133,0.91306512747162,0.872574135670358
1.21776329940545,1.13179977008127,0.994263619363582,0.892142020548224,0.854678289329851
1.21392776564784,1.08646752886668,0.960167340003871,0.940725015016275,0.850783662516117
1.11522316474383,1.04745695400276,1.02180228192143,0.883487657938582,0.873507206537854
1.08667217741951,1.06908400811926,0.959532647944432,0.898431288691749,0.818979025648248
1.13847188003673,1.07041830638661,1.04594012558571,0.959995578516016,0.843024965949351
1.18010446724746,1.04214257324786,0.98013592171057,0.94851160741305,0.787066966531957
1.13088501364678,1.04546947140427,0.991568430806969,0.930318065732362,0.819899837615856
1.1638584992978,0.998692772922803,0.969529700845143,0.931130754917165,0.899767587432094
1.19101361009836,1.04131633693459,0.988343272609087,0.896759407215412,0.817067457217308
1.12592048569698,1.06307093685664,1.03450973785674,0.980307392756794,0.871271212441049
1.15619580923678,1.06413671381207,0.97246922138976,0.912626434678485,0.762438261907029
1.0512437974305,1.0367187745584,0.973582192475688,0.891075184043317,0.817961267582259
1.21522526919925,1.0502018303605,1.01515062040291,0.97988613932586,0.84975199821297
1.22721829251405,1.03859771464922,0.979529720996823,0.941227252063645,0.881889459511172
1.17687234253132,1.03686095043824,0.981298058347814,0.95953813834813,0.892355096812071
1.07094724601375,1.04139929030171,0.976898168365598,0.928032542717934,0.856776041799352
1.21280052799032,1.09029266519691,1.0316361611114,0.874938264818107,0.842849988525757
1.12636738224558,0.999961438553186,0.977624603035755,0.920133583211727,0.746627091763785
1.17143548762964,1.11360903920166,1.01867966863917,0.93358526508919,0.879465183850341
1.14137600821016,1.10161719843022,1.02096606148035,0.93256024003071,0.787223217406275
1.17029220742101,1.05317503633865,1.00942910359212,0.912735130286943,0.828176753647713
1.26286010211191,1.13545051045076,0.959375403698604,0.931001195099843,0.866039079280321
1.18260096000651,0.991821535815488,0.931763261362815,0.874510991601689,0.760767326298725
1.20301621674917,1.15736806758637,1.0375866182061,0.965295057509178,0.892039264342805
1.17912036217373,0.996327909222405,0.944246285524856,0.913387151019369,0.770463915561595
1.24701914348909,1.16656609002757,1.08658563138183,0.981203526167207,0.79171296545392
1.2320369306237,1.06513736916497,1.03364217078572,0.896009141592632,0.805411483957097
1.15948393219446,1.08834202702936,1.02985833350347,0.946287812024993,0.84791651042741
1.21682445976402,1.08911482879791,0.961816373487846,0.929284351586599,0.774546439943859
1.27177082027185,1.08354640541696,1.05839427535458,1.01726759367681,0.861032435140318
1.19469078917761,1.11178293062225,1.04187468051403,0.900867427849929,0.838847354457191
1.10728626339574,1.06196885783999,0.975053446134626,0.90753939416086,0.86899215785967
1.13883184951044,1.06358551834426,1.01737961542337,0.919349857190111,0.815527100548254
1.14905441501598,1.02242729915609,0.982219601329055,0.876206281707075,0.814671244484148
1.21143039878622,1.09130184813955,1.07797279375864,0.940875455892278,0.836963354423696
1.06981158606084,1.04288350250027,0.97600293781681,0.913324859433593,0.828829827916856
1.05270918241689,1.02273327532207,0.935701043443496,0.865112224598258,0.819131797048386
1.17187518374926,1.02873712936808,0.956671465800362,0.870167109387673,0.859686457250432
1.17720654011552,1.07515675264798,1.01322025074191,0.912761623877935,0.835619360073908
1.12474012517212,1.09236440760676,1.03361404157489,0.911565217486819,0.848142693179581
1.25239060596542,1.10170167166502,1.01609623900814,0.854202751112436,0.794112622360129
1.17839790368982,1.06416121056931,1.01572642711727,0.926617907373661,0.799674617304172
1.12671107635925,1.03547747150893,0.981201989038529,0.930183028927205,0.801503655839459
1.09597508129495,1.07294580349476,1.01620648574556,0.93612270549247,0.815570920701909
1.17865744649023,1.10605309630413,1.06602992683841,0.89900736116185,0.859505174187721
1.25186227574475,1.11612390517539,1.02130083038694,0.907895956959368,0.83589525237478
1.15193249102366,1.06241906662997,0.991079816080032,0.882477473338418,0.829102632436602
1.13169248973889,1.05606125741533,0.955690581765907,0.947810435962992,0.914434752425913
1.18045278302498,1.05601698470428,0.978566823240354,0.94862795047144,0.872429468982237
1.1833485263676,1.1387900509418,1.08104000694169,0.910465469607629,0.767525256207671
1.14519288833104,1.10947756755025,1.00407314731219,0.963584770959591,0.879179557811068
1.19355422221983,1.06750198687054,1.02082382034228,0.908934112557277,0.777951850684049
1.18899304277414,1.15233753285517,1.01677360327861,0.966945998943988,0.893283834184297
1.09978852742563,1.0416015548588,0.960834963811222,0.924754789684933,0.863054281391261
1.25551700247196,1.09101442657054,1.07011155115342,0.955745928848082,0.892096238586341
1.24198989820422,1.05969886439636,0.99886127283207,0.922171686957253,0.839934287026709
1.13671576697592,1.12095705573185,0.978967262136868,0.955621073634833,0.843413053058663
1.12755072135972,1.08978709151163,1.02413374062536,0.877721916013067,0.801273607593324
1.18679621826676,1.10796694405831,1.0773864730549,0.893256111519384,0.831570227868063
1.17723278844546,1.08435821588192,1.02808103225007,0.879841166259665,0.820534298827201
1.10603997535855,1.09689728812248,0.927086539824655,0.893796038713963,0.804940676923581
1.14560122374961,1.04413275098632,0.966320241753285,0.930886239848908,0.855228289164059
1.13037031892646,1.09565768177169,0.996234429738566,0.974415927295298,0.89017299060626
1.13708145902945,1.10865207685697,1.07116775474667,0.948481204594102,0.82506032417044
1.14705343119883,1.08199598566127,0.948316191331336,0.905779779168433,0.823377860711556
1.1532252967759,1.02264748138367,0.96511636386636,0.929191972839029,0.788256204432048
1.29693579779658,1.15932173484329,1.035061244041,0.989812269574851,0.83285443096637
1.08406668389194,1.0469977568564,0.964537682501402,0.916085617209449,0.793547104997924
1.0789233849312,1.00858902490294,0.928575188733753,0.865876779178871,0.759580251000542
1.12003810061092,1.06357429023252,0.946294298092411,0.909356800246134,0.772194661291594
1.17336956725568,1.16548789021374,1.06782528306946,1.00857627426793,0.912647801465088
1.11316803981933,1.01748743650374,0.990391233366207,0.964644029322129,0.85090082078277
1.04996829918634,1.01448495643251,0.992552786184086,0.923585848222972,0.82121543734719
1.19746828079273,1.09132547470849,1.01181998800703,0.978195543673471,0.770476741200796
1.18967510093867,1.10469518855259,1.02501361559634,0.912978550917494,0.871268268981215
1.27610856392403,1.04423479818257,1.03336303992939,0.94353416210021,0.863833745441726
1.17610275304891,1.13061285567548,1.03245975966316,0.917192517300381,0.882056196587309
1.20101941132203,1.09548157482499,1.01986298860057,0.950244559850487,0.88122117210781
1.16058643101757,1.13573101816962,1.02642675109299,0.96062337293196,0.910128249193291
1.11737686639038,1.06380328193616,1.02223214128233,0.974577676538126,0.924005440386173
1.13388430893424,1.07418754869628,1.04955847698031,0.94622857141912,0.722794260771821
1.2198997616624,1.12290802518459,0.946476485702696,0.90550284562506,0.847194084341309
1.13963769849945,1.06784674678942,0.965606889310756,0.842946557967399,0.764188935437992
1.12596459529576,1.04654366752414,1.01871022758278,0.872356915620043,0.78507916857967
1.28453088188223,1.20796955617825,1.12406612865935,1.06394344879384,0.939866714719049
1.22951880932211,1.14289013532327,1.02673029232229,0.989485359533972,0.928396792905632
1.1346413078191,1.09825502062757,0.999317079428719,0.951557341150528,0.854293202365075
1.11489777352513,1.0186911089743,0.954918784775655,0.910958600332083,0.819363598926243
1.13976062541644,1.02784255606828,0.981085097758835,0.887665696352086,0.827712338301583
1.11927825898104,1.07325025202761,1.02904321986772,0.97519521324465,0.878090234499555
1.19360739172049,0.987596016514593,0.946557804767589,0.914526961988019,0.84370024556087
1.17183391435844,1.07078200935399,0.913251268637038,0.859175607041047,0.8370181008619
1.18554295558365,1.06013767259371,0.977595425468941,0.935917654489924,0.867734615170929
1.16863653035199,1.07275224813345,1.04318291925686,0.994398365640313,0.939834930046103
1.06750914845594,0.980999428752979,0.965467209862253,0.934397910290997,0.80405365417736
1.19165591468465,1.14030878857571,1.00446733381537,0.899826946668549,0.844951722547352
1.12728812007811,1.07244380508308,1.01950592615025,0.949043316064242,0.900678602455542
1.13151097511314,1.08791848011822,1.02843426614269,0.94586832360205,0.909811679176867
1.21447110135099,1.01047350718813,0.972389847411253,0.93296926002611,0.844526490640656
1.18452625738829,1.10860087304202,1.02109214808678,0.997128051794306,0.809334021097647
1.08431285589255,1.01888113615997,0.999275648557882,0.943738424449386,0.889379834754174
1.14915810198451,1.10737315017296,0.950455007963809,0.927661347718025,0.838966064188619
1.1717532546497,1.05722504839403,1.02136714944905,0.967332642775143,0.879198541700695
1.15998966801565,1.04606827941593,0.978757914734323,0.910352170996675,0.887368452817141
1.16532673366297,1.1149670420811,1.05563430561224,0.971674631728552,0.893528185812257
1.21089826738639,1.10034950116834,1.08371584500341,0.973639887572081,0.859028853996239
1.13150004563439,0.983139898155298,0.919857810305246,0.908850274975777,0.821487435145295
1.18409164885233,1.09815245294988,0.989725096142486,0.929202225999436,0.865029623856107
1.16691314419888,1.05790885969195,0.963475994200819,0.891535189291764,0.860758333374079
1.13669271227415,1.0435589496039,0.979592630495078,0.913582656464844,0.860369572872409
1.20116776234921,1.10718859696139,0.957093092700496,0.876138444700478,0.800840923552447
1.17959010248346,1.06375524358655,1.02213424609653,0.913499973271074,0.846257623166914
1.10777243289915,1.04724300202342,1.02043516379038,0.947168257413206,0.84179194001148
1.27162960682387,1.05688801189497,0.933692198242547,0.905406744991709,0.865787556620139
1.0847951937761,1.06546076694609,1.01159333516308,0.943314769570983,0.858213825865858
1.23147199494417,1.14342262445841,1.02472821084459,0.9426573858986,0.840926333414636
1.23407081824795,1.18374107883417,1.03531964528563,0.970848126758927,0.826137188745277
1.18453660025159,1.04688609797924,0.958555853486608,0.913798628357036,0.852569109570158
1.09992656541475,1.03952510995014,0.991050282918402,0.923930265102116,0.782863178377726
1.15319611184251,1.06981939477917,1.01402083656367,0.898348526915211,0.798887184074505
1.23691344073812,1.07945948210244,0.91563320789425,0.896545441348772,0.789377580152028
1.10056764017719,1.02412324527869,0.939812497451131,0.875134528245787,0.845201848720747
1.20929188834567,1.16144894118434,1.07643483510759,0.973513335503171,0.900869783428587
1.13529447753183,1.06289731167618,0.992393801167753,0.886173871357181,0.82103877442032
1.20715231951198,1.061748048878,1.02446681462603,0.954643468552175,0.86200748361595
1.16210738027102,1.0894626339537,0.983774153371619,0.940334269929671,0.890608586787617
1.19585430222825,1.15855663576944,1.06103649221681,0.966720735658302,0.811924923683347
1.13771591475203,1.02610949886617,1.01637674817735,0.93317750883749,0.837335974790856
1.06332145788492,0.977120191702266,0.936235702956049,0.868684986957102,0.740699336881011
1.0901120763103,1.03451624048482,0.955028851830343,0.907982979295576,0.89101989677443
1.1336336078924,1.06251493237222,1.04678536143016,0.995427468329007,0.90201253301839
1.17308733326597,1.05930944379101,1.02970909033326,0.965255476669899,0.904555727262459
1.18574817592171,1.11790376970823,1.01810099578526,0.934180523915393,0.878828667044435
1.22766677710805,1.0861394721811,0.998199457296714,0.927209106290603,0.824341652735469
1.09114587336922,1.06413883889508,0.972417571825715,0.952917371441101,0.837603210912939
1.1523283349732,1.09644241101276,0.942925022445015,0.906582063992593,0.753337729214456
1.17533268042886,1.11251362837092,1.08239966177648,0.990235940229597,0.833829864427179
1.19827046837073,1.097086309089,1.03759639376462,0.938939210164074,0.821962862329708
1.10477407245033,1.05304371087839,0.968453391867696,0.820417112428087,0.773644531513182
1.13614502886264,1.07747747128553,1.00009426399341,0.913341891800719,0.866980654371643
1.07370400942434,1.01508418780378,0.990279125583737,0.935053967136356,0.86067945113001
1.18014785131628,1.13127203565741,0.985565235448316,0.879622366088013,0.822041612386982
1.14101429820082,0.989944507999614,0.94964253186572,0.876697811462216,0.785882292830117
1.10210443772641,1.0653848600444,1.01549895094668,0.919239231842632,0.876056274012823
1.14892012794548,1.06665359354112,0.951127086225639,0.91851137086799,0.816268917860044
1.20867837422636,1.14707481019051,1.12359583573154,0.999615899693736,0.801553752912092
1.13539343879981,1.09968066783639,1.06566639855322,0.970393696258855,0.850447889599444
1.20250513906495,1.05821921661086,0.913654789520826,0.865898385907963,0.828738457491594
1.12724338339832,1.07272949585554,1.00046544293861,0.992428579178793,0.903449322054576
1.08660875593843,1.05942632399076,0.955758858442148,0.821411679310677,0.752847643297828
1.24186625746379,1.14033706825786,1.00141296852592,0.937724779948196,0.885821061421006
1.24138970536327,1.08475610676387,0.986321721041378,0.954440367426915,0.82458283807917
1.07617421198462,1.06794144310142,0.964869724639729,0.938635890753887,0.888937827053202
1.11877077595436,1.05094473560897,0.983072678933925,0.969260356785399,0.894025693101559
1.27024056683713,1.11905564967928,1.00407965931049,0.857733420021075,0.814698596975095
1.11406094135888,1.05517746554063,0.945493373844843,0.869130257292399,0.781006012373235
1.17967906166439,1.0360510241676,0.905221308323361,0.805402135918917,0.796069718676372
1.16858541936443,1.04729016367258,0.980316329951752,0.930921627864364,0.849287447060097
1.16011715930009,1.15036774029157,1.02637714503391,0.987847682724684,0.807489152322171
1.17894620292477,1.07581857578872,0.97718107062502,0.929543411142893,0.776354711912519
1.24548565348109,1.09709462989871,1.03308805194833,0.982804676846033,0.80693072196977
1.24601742968336,1.11346604192786,1.0305460005557,0.869074249428831,0.813493072116423
1.14916857088833,1.10633365994355,0.994770709875107,0.880617700866295,0.800182099823459
1.16895162121939,1.06982322175579,0.965265877006494,0.886548931514001,0.797421116070584
1.22191772294549,1.15418981389656,1.10172798195296,0.954805339681847,0.807712266579169
1.13217084929171,1.0647691208848,0.912813635925217,0.88037379489671,0.823716412874219
1.13546443157135,1.08571916571272,0.978364307549101,0.912792129844593,0.83928897309012
1.21325542306583,1.0331563501384,0.951406509591582,0.897615430234097,0.849540692640968
1.09796877256103,1.07496127990691,1.02928491844714,0.946647219279735,0.861028813310151
1.09488570493852,1.06819273353014,0.987649854749963,0.914116711374226,0.846276254545562
1.08812139981398,1.03908331407055,0.937907597337165,0.890970669438611,0.830756508091844
1.20114871379885,1.05626605230336,1.04216680772014,0.995458056631712,0.899078257463674
1.16061096056924,1.09465972260447,1.03813824942775,0.91221746359807,0.844538300681872
1.12997819202128,1.02520989430662,0.964885389462008,0.870445598902631,0.800389721972689
1.11907579746944,1.03524395303818,0.983134977061646,0.921053064683458,0.815751451930265
1.14763187104429,1.02917517625985,0.958178506394483,0.881908965538645,0.769020102930604
1.19998000423448,1.14921779412952,1.02495757636847,0.975869863230873,0.919977451581672
1.16545559373902,1.13302760333019,1.04603962210712,0.949220056981677,0.785652474628006
1.15834739316245,1.09052534134515,1.02518180408245,0.964943756073468,0.825594833790984
1.21745685314205,1.08042801891213,1.04177527565664,0.900359556840351,0.760882578894463
1.08078781055791,1.04130849717666,0.966201118375485,0.886470617505054,0.839788602355342
1.13566363516748,1.06918692991572,1.02177298046988,0.953045081604212,0.850306389927053
1.17495651972838,1.06280577864778,1.01106496209868,0.959602794787862,0.775806142784638
1.13664071711609,1.03471422286897,0.974249041366449,0.929479464891185,0.858229869398318
1.24847417500537,1.06425709986866,0.950792730159217,0.931951833805992,0.788124325788313
1.11609475439974,1.07335139331176,1.00296590298508,0.960616727944704,0.85389816745757
1.19701731139246,1.17220587718836,1.08268350435297,0.93245658773689,0.877955323664332
1.17379808410775,1.06965343039411,1.02547880279946,1.00008745084109,0.840152245572849
1.07812045960536,0.991648443111792,0.98939020597742,0.883787920364956,0.841577370239692
1.20153246279939,1.13408742609331,1.0201194595641,0.91379237503809,0.889474627157497
1.24874291999519,1.12396277136246,1.00725833021306,0.862728413513028,0.806976101107573
1.19199978595057,1.03415958586008,0.9603620660906,0.923505129436957,0.859880107309152
1.06074106195784,0.990118265090474,0.959677111332807,0.92799516469928,0.906457301964809
1.17155797485994,1.0851549146617,0.977022634576659,0.959005734816579,0.900125570005755
